{
 "latency": {
  "0.5B": 0.024123567062499997,
  "1.5B": 0.017773562500000006,
  "3B": 0.021717678374999994,
  "7B": 0.03724513149999997
 },
 "alpha": {
  "0.5B->3B/code": 0.9149305522441864,
  "1.5B->3B/code": 0.9175347238779068,
  "0.5B->3B/prose": 0.6607142984867096,
  "1.5B->3B/prose": 0.8159102201461792,
  "0.5B->7B/code": 0.8680555572112402,
  "1.5B->7B/code": 0.8906249950329462,
  "0.5B->7B/prose": 0.6276041641831398,
  "1.5B->7B/prose": 0.7630208283662796
 },
 "predicted": {
  "0.5B->3B/code": {
   "c": 1.1107801969417463,
   "best_gamma": 1,
   "speedup": 0.9072145716634439
  },
  "1.5B->3B/code": {
   "c": 0.8183914593955769,
   "best_gamma": 1,
   "speedup": 1.0545225088745658
  },
  "0.5B->3B/prose": {
   "c": 1.1107801969417463,
   "best_gamma": 1,
   "speedup": 0.7867774678258184
  },
  "1.5B->3B/prose": {
   "c": 0.8183914593955769,
   "best_gamma": 1,
   "speedup": 0.9986354757461178
  },
  "0.5B->7B/code": {
   "c": 0.6476971913094203,
   "best_gamma": 2,
   "speedup": 1.1421026501884055
  },
  "1.5B->7B/code": {
   "c": 0.47720498718067406,
   "best_gamma": 3,
   "speedup": 1.394255730995135
  },
  "0.5B->7B/prose": {
   "c": 0.6476971913094203,
   "best_gamma": 1,
   "speedup": 0.9878053884947681
  },
  "1.5B->7B/prose": {
   "c": 0.47720498718067406,
   "best_gamma": 2,
   "speedup": 1.199964001234389
  }
 }
}