{
 "target": "3B",
 "gamma": 4,
 "configs": {
  "smol-360M->3B (cross-fam)": {
   "speedup": 0.8137806692191669,
   "speedup_ci": [
    0.7599317519704762,
    0.868795906653502
   ],
   "accept_rate": 0.7399157402046167,
   "exact": 20,
   "n": 20
  },
  "1.5B->3B (same-fam)": {
   "speedup": 1.1328032415740101,
   "speedup_ci": [
    1.0710091048476993,
    1.1917103258428776
   ],
   "accept_rate": 0.9699221611721613,
   "exact": 20,
   "n": 20
  }
 }
}