{
 "target": "7B",
 "gamma": 4,
 "configs": {
  "smol-360M->7B (cross-fam)": {
   "speedup": 0.7956811190647501,
   "speedup_ci": [
    0.7006938058967603,
    0.8914724296436957
   ],
   "accept_rate": 0.5432941323347221,
   "exact": 5,
   "n": 6
  },
  "1.5B->7B (same-fam)": {
   "speedup": 1.2605853553571467,
   "speedup_ci": [
    1.192534438820888,
    1.3404554399107511
   ],
   "accept_rate": 0.7696345899470899,
   "exact": 5,
   "n": 6
  }
 }
}