{
 "latency": {
  "0.5B": 0.017308583984374987,
  "1.5B": 0.018990880859374976,
  "3B": 0.021529878906250022,
  "7B": 0.037797889984375055
 },
 "latency_samples": {
  "0.5B": [
   0.016569845703125002,
   0.016581196609374987,
   0.017308583984374987,
   0.017314874343749995,
   0.026307456374999996
  ],
  "1.5B": [
   0.01746672201562499,
   0.018710158203124994,
   0.018990880859374976,
   0.01908455729687497,
   0.020084514968749995
  ],
  "3B": [
   0.020419608062499983,
   0.02075072134375,
   0.021529878906250022,
   0.021670758468749995,
   0.021760759765625026
  ],
  "7B": [
   0.037402236328125005,
   0.03749272981249996,
   0.037797889984375055,
   0.03837814714062493,
   0.03855345834375001
  ]
 },
 "alpha": {
  "0.5B->3B/code": 0.9149305522441864,
  "1.5B->3B/code": 0.9175347238779068,
  "0.5B->3B/prose": 0.6607142984867096,
  "1.5B->3B/prose": 0.8159102201461792,
  "0.5B->7B/code": 0.8680555572112402,
  "1.5B->7B/code": 0.8906249950329462,
  "0.5B->7B/prose": 0.6276041641831398,
  "1.5B->7B/prose": 0.7630208283662796
 },
 "alpha_ci": {
  "0.5B->3B/code": [
   0.9001736094554266,
   0.9296875049670538
  ],
  "1.5B->3B/code": [
   0.910590281089147,
   0.9244791716337204
  ],
  "0.5B->3B/prose": [
   0.637834832072258,
   0.6888020932674408
  ],
  "1.5B->3B/prose": [
   0.786272332072258,
   0.8437499925494194
  ],
  "0.5B->7B/code": [
   0.8428819527228674,
   0.890625
  ],
  "1.5B->7B/code": [
   0.8723958233992258,
   0.9105902661879858
  ],
  "0.5B->7B/prose": [
   0.606770820915699,
   0.6471354141831398
  ],
  "1.5B->7B/prose": [
   0.73828125,
   0.7864583283662796
  ]
 },
 "predicted": {
  "0.5B->3B/code": {
   "c": 0.8039331786185935,
   "best_gamma": 1,
   "speedup": 1.0615307567603984
  },
  "1.5B->3B/code": {
   "c": 0.882070955534358,
   "best_gamma": 1,
   "speedup": 1.018842949698185
  },
  "0.5B->3B/prose": {
   "c": 0.8039331786185935,
   "best_gamma": 1,
   "speedup": 0.9206074361127072
  },
  "1.5B->3B/prose": {
   "c": 0.882070955534358,
   "best_gamma": 1,
   "speedup": 0.9648468432108638
  },
  "0.5B->7B/code": {
   "c": 0.457924608795095,
   "best_gamma": 3,
   "speedup": 1.3799434409685571
  },
  "1.5B->7B/code": {
   "c": 0.5024323015709462,
   "best_gamma": 3,
   "speedup": 1.3521705743467864
  },
  "0.5B->7B/prose": {
   "c": 0.457924608795095,
   "best_gamma": 1,
   "speedup": 1.1163843139517873
  },
  "1.5B->7B/prose": {
   "c": 0.5024323015709462,
   "best_gamma": 1,
   "speedup": 1.173444438410211
  }
 }
}