{
 "latency": {
  "0.5B": 0.032904506968749914,
  "1.5B": 0.03926482343749882,
  "3B": 0.05453504828124878
 },
 "latency_samples": {
  "0.5B": [
   0.03273811182812558,
   0.03278065342187553,
   0.032904506968749914,
   0.03773564412500008,
   0.03903025789062475
  ],
  "1.5B": [
   0.03900333621874985,
   0.03904082660937469,
   0.03926482343749882,
   0.042434103968750136,
   0.04663728865624961
  ],
  "3B": [
   0.04993536135937404,
   0.05122772417187349,
   0.05453504828124878,
   0.05604767823437484,
   0.06190287701562269
  ]
 },
 "alpha": {
  "0.5B->3B/code": 0.9802707433700562,
  "1.5B->3B/code": 0.9725783209005991,
  "0.5B->3B/prose": 0.6978442206978798,
  "1.5B->3B/prose": 0.8056890174746514
 },
 "alpha_ci": {
  "0.5B->3B/code": [
   0.974687984213233,
   0.9852356688181558
  ],
  "1.5B->3B/code": [
   0.9669415277739366,
   0.9774997784197331
  ],
  "0.5B->3B/prose": [
   0.6647827081009745,
   0.7324711411446333
  ],
  "1.5B->3B/prose": [
   0.7798284292966128,
   0.8317151901870966
  ]
 },
 "predicted": {
  "0.5B->3B/code": {
   "c": 0.603364405199651,
   "best_gamma": 7,
   "speedup": 1.4298414096803158
  },
  "1.5B->3B/code": {
   "c": 0.7199924576027112,
   "best_gamma": 4,
   "speedup": 1.2199064342537438
  },
  "0.5B->3B/prose": {
   "c": 0.603364405199651,
   "best_gamma": 1,
   "speedup": 1.058925977894878
  },
  "1.5B->3B/prose": {
   "c": 0.7199924576027112,
   "best_gamma": 1,
   "speedup": 1.0498237998039726
  }
 }
}