{
 "latency": {
  "0.5B": 0.030203563796875,
  "1.5B": 0.017085082031250004,
  "3B": 0.020716805343749978,
  "7B": 0.03737428840625001
 },
 "alpha": {
  "0.5B->3B/code": 0.9149305522441864,
  "1.5B->3B/code": 0.9175347238779068,
  "0.5B->3B/prose": 0.6607142984867096,
  "1.5B->3B/prose": 0.8159102201461792,
  "0.5B->7B/code": 0.8680555572112402,
  "1.5B->7B/code": 0.8906249950329462,
  "0.5B->7B/prose": 0.6276041641831398,
  "1.5B->7B/prose": 0.7630208283662796
 },
 "predicted": {
  "0.5B->3B/code": {
   "c": 1.457925741720939,
   "best_gamma": 1,
   "speedup": 0.779083973018416
  },
  "1.5B->3B/code": {
   "c": 0.8246967497044315,
   "best_gamma": 1,
   "speedup": 1.0508785770504132
  },
  "0.5B->3B/prose": {
   "c": 1.457925741720939,
   "best_gamma": 1,
   "speedup": 0.6756568232708061
  },
  "1.5B->3B/prose": {
   "c": 0.8246967497044315,
   "best_gamma": 1,
   "speedup": 0.9951846631174875
  },
  "0.5B->7B/code": {
   "c": 0.8081374946479016,
   "best_gamma": 1,
   "speedup": 1.0331380012530553
  },
  "1.5B->7B/code": {
   "c": 0.45713464415801175,
   "best_gamma": 3,
   "speedup": 1.4296565208806322
  },
  "0.5B->7B/prose": {
   "c": 0.8081374946479016,
   "best_gamma": 1,
   "speedup": 0.9001550872103801
  },
  "1.5B->7B/prose": {
   "c": 0.45713464415801175,
   "best_gamma": 2,
   "speedup": 1.2251262804044287
  }
 }
}