{
 "draft": "1.5B",
 "target": "7B",
 "gamma": 3,
 "c": 0.5024323015709462,
 "tv_noise": 0.11333333333333331,
 "tv_test": 0.05999999999999999,
 "by_temp": {
  "0.2": {
   "alpha": 0.8558839202746013,
   "alpha_ci": [
    0.7884101382488479,
    0.9184773662551441
   ],
   "measured": 1.26822079961473,
   "measured_ci": [
    1.2028468950269666,
    1.3469640894160007
   ],
   "predicted": 1.2824121796008159
  },
  "0.5": {
   "alpha": 0.8575453353231132,
   "alpha_ci": [
    0.8078144078144077,
    0.9002905530683311
   ],
   "measured": 1.3289424249560473,
   "measured_ci": [
    1.2803201047855304,
    1.3802272047805442
   ],
   "predicted": 1.2856692209446816
  },
  "0.7": {
   "alpha": 0.8485301749477995,
   "alpha_ci": [
    0.8007084068195178,
    0.8976983113381581
   ],
   "measured": 1.3353695244836652,
   "measured_ci": [
    1.309610134982571,
    1.357185116067204
   ],
   "predicted": 1.2680900641547077
  },
  "1.0": {
   "alpha": 0.8799328449328448,
   "alpha_ci": [
    0.8148901098901099,
    0.9323931623931623
   ],
   "measured": 1.267384747361551,
   "measured_ci": [
    1.1720693566753309,
    1.3605594159144976
   ],
   "predicted": 1.3303293469187434
  }
 }
}