{
 "draft": "1.5B",
 "target": "3B",
 "gamma": 3,
 "c": 0.7199924576027112,
 "tv_noise": 0.06666666666666668,
 "tv_test": 0.03333333333333334,
 "by_temp": {
  "0.2": {
   "alpha": 0.9792871734023527,
   "alpha_ci": [
    0.9640061956576069,
    0.9909183193490976
   ],
   "measured": 1.1315748216510482,
   "measured_ci": [
    1.0786515712363507,
    1.184457785668996
   ],
   "predicted": 1.2270436719835267
  },
  "0.5": {
   "alpha": 0.9619081570997253,
   "alpha_ci": [
    0.9292833932036831,
    0.9869302241950825
   ],
   "measured": 1.1072804615253364,
   "measured_ci": [
    1.0412417682686887,
    1.1666992041714208
   ],
   "predicted": 1.1953242634766266
  },
  "0.7": {
   "alpha": 0.9417286562948476,
   "alpha_ci": [
    0.909829620467443,
    0.9681849471102432
   ],
   "measured": 1.0885250064994576,
   "measured_ci": [
    1.0314983449567037,
    1.140852183310292
   ],
   "predicted": 1.159424844004583
  },
  "1.0": {
   "alpha": 0.9163611649455555,
   "alpha_ci": [
    0.888064377215782,
    0.9423258538703109
   ],
   "measured": 1.0976529427265311,
   "measured_ci": [
    1.0087297749314097,
    1.2055060968061486
   ],
   "predicted": 1.1156927094617597
  }
 }
}