{
 "draft": "1.5B",
 "target": "3B",
 "gamma": 3,
 "alpha": 0.9725783209005991,
 "expected_tokens": 3.8384570996520737,
 "by_batch": {
  "1": {
   "t_target_1": 0.060310706999644026,
   "t_target_g": 0.0468588839999029,
   "t_draft_1": 0.038369699999748264,
   "verify_factor": 0.7769579620444422,
   "speedup": 1.4292951961977733
  },
  "2": {
   "t_target_1": 0.05099476100031097,
   "t_target_g": 0.05041551200019967,
   "t_draft_1": 0.0408245500002522,
   "verify_factor": 0.9886410096106192,
   "speedup": 1.1321774028011176
  },
  "4": {
   "t_target_1": 0.06294091399968238,
   "t_target_g": 0.04784252999979799,
   "t_draft_1": 0.0391158710003765,
   "verify_factor": 0.7601181323810998,
   "speedup": 1.4625327747268488
  },
  "8": {
   "t_target_1": 0.05553974299982656,
   "t_target_g": 0.05750658499982819,
   "t_draft_1": 0.0398770639999384,
   "verify_factor": 1.0354132355277152,
   "speedup": 1.2035090675828284
  },
  "16": {
   "t_target_1": 0.06437618700010717,
   "t_target_g": 0.06964503300014258,
   "t_draft_1": 0.042046722999657504,
   "verify_factor": 1.0818446423368728,
   "speedup": 1.2621241519581636
  }
 },
 "crossover_batch": null
}