{
 "draft": "1.5B",
 "target": "3B",
 "gamma": 3,
 "alpha": 0.9725783209005991,
 "expected_tokens": 3.8384570996520737,
 "by_batch": {
  "1": {
   "t_target_1": 0.046317308999960005,
   "t_target_g": 0.04574622500001624,
   "t_draft_1": 0.03802500999995573,
   "verify_factor": 0.9876701817900462,
   "speedup": 1.1124115097694927
  },
  "2": {
   "t_target_1": 0.0635775509999803,
   "t_target_g": 0.046561783000015566,
   "t_draft_1": 0.03676640600008341,
   "verify_factor": 0.7323620093518542,
   "speedup": 1.555770398366594
  },
  "4": {
   "t_target_1": 0.048978120000015224,
   "t_target_g": 0.04559900900005687,
   "t_draft_1": 0.04658532700000251,
   "verify_factor": 0.9310077438669082,
   "speedup": 1.01427219435314
  },
  "8": {
   "t_target_1": 0.04977304399994864,
   "t_target_g": 0.05574300499995388,
   "t_draft_1": 0.050116795000008096,
   "verify_factor": 1.1199436586601255,
   "speedup": 0.9270151464485016
  },
  "16": {
   "t_target_1": 0.061645455000075344,
   "t_target_g": 0.06690336400004071,
   "t_draft_1": 0.04811573999995744,
   "verify_factor": 1.0852927275816027,
   "speedup": 1.1201078355665945
  },
  "32": {
   "t_target_1": 0.08932174500000656,
   "t_target_g": 0.09560430100009398,
   "t_draft_1": 0.055179087000055915,
   "verify_factor": 1.0703362434319545,
   "speedup": 1.3129188767287978
  },
  "64": {
   "t_target_1": 0.12921009799993044,
   "t_target_g": 0.16150370200000452,
   "t_draft_1": 0.07834565400003157,
   "verify_factor": 1.249930961278982,
   "speedup": 1.2507353294149148
  }
 },
 "crossover_batch": 8
}