{
 "draft": "1.5B",
 "target": "7B",
 "gamma": 3,
 "alpha": 0.8906249950329462,
 "expected_tokens": 3.390293095703479,
 "by_batch": {
  "1": {
   "t_target_1": 0.04065929099999899,
   "t_target_g": 0.03866879200000284,
   "t_draft_1": 0.014328542000001221,
   "verify_factor": 0.9510444242621889,
   "speedup": 1.6881745890771545
  },
  "2": {
   "t_target_1": 0.06468383300000013,
   "t_target_g": 0.06651550000000128,
   "t_draft_1": 0.018385124999994673,
   "verify_factor": 1.0283172303657568,
   "speedup": 1.8023800060907247
  },
  "4": {
   "t_target_1": 0.12239858299999895,
   "t_target_g": 0.07166050000000013,
   "t_draft_1": 0.02844558400000352,
   "verify_factor": 0.5854683791559968,
   "speedup": 2.643148625740006
  },
  "8": {
   "t_target_1": 0.2595412089999982,
   "t_target_g": 0.09578970799999809,
   "t_draft_1": 0.04995679099999961,
   "verify_factor": 0.36907321334084847,
   "speedup": 3.581863057853664
  },
  "16": {
   "t_target_1": 0.16095308300000966,
   "t_target_g": 0.19172866599998883,
   "t_draft_1": 0.029400209000016275,
   "verify_factor": 1.191208409471581,
   "speedup": 1.9493427078639045
  }
 },
 "crossover_batch": null
}