{
 "draft": "1.5B",
 "target": "3B",
 "gammas": [
  1,
  2,
  3,
  4,
  5,
  6
 ],
 "by_gamma": {
  "1": {
   "speedup": 1.165501399099954,
   "ci": [
    1.125688859540057,
    1.2054064737528938
   ],
   "accept_rate": 0.9880364298085321,
   "accept_len": 0.9880364298085321,
   "exact": 28,
   "n": 30
  },
  "2": {
   "speedup": 1.169203270786449,
   "ci": [
    1.1277812296458556,
    1.21463427652699
   ],
   "accept_rate": 0.9676513399775357,
   "accept_len": 1.9353026799550714,
   "exact": 30,
   "n": 30
  },
  "3": {
   "speedup": 1.2046075239706677,
   "ci": [
    1.1586031242353947,
    1.2500777623445851
   ],
   "accept_rate": 0.975962250070183,
   "accept_len": 2.927886750210549,
   "exact": 30,
   "n": 30
  },
  "4": {
   "speedup": 1.1794744484556348,
   "ci": [
    1.134950987092261,
    1.2249971326559905
   ],
   "accept_rate": 0.9647173063291485,
   "accept_len": 3.858869225316594,
   "exact": 30,
   "n": 30
  },
  "5": {
   "speedup": 1.1683642607377338,
   "ci": [
    1.1228187661476463,
    1.216724371719254
   ],
   "accept_rate": 0.9366969898293427,
   "accept_len": 4.683484949146713,
   "exact": 30,
   "n": 30
  },
  "6": {
   "speedup": 1.1241714335272717,
   "ci": [
    1.071575882571554,
    1.1756542383176856
   ],
   "accept_rate": 0.9195624147094734,
   "accept_len": 5.5173744882568405,
   "exact": 30,
   "n": 30
  }
 },
 "best_gamma": 3
}