{
 "draft": "1.5B",
 "target": "7B",
 "gammas": [
  1,
  2,
  3,
  4,
  5,
  6
 ],
 "by_gamma": {
  "1": {
   "speedup": 1.1743803790432514,
   "ci": [
    1.0396432487468024,
    1.2756180173166205
   ],
   "accept_rate": 0.9054020582592011,
   "accept_len": 0.9054020582592011,
   "exact": 5,
   "n": 6
  },
  "2": {
   "speedup": 1.333485935438169,
   "ci": [
    1.2033356834417885,
    1.4385466646064577
   ],
   "accept_rate": 0.8911686896981014,
   "accept_len": 1.7823373793962027,
   "exact": 5,
   "n": 6
  },
  "3": {
   "speedup": 1.5074925824412018,
   "ci": [
    1.4571950593448537,
    1.5555404150086314
   ],
   "accept_rate": 0.8490166028097063,
   "accept_len": 2.5470498084291187,
   "exact": 5,
   "n": 6
  },
  "4": {
   "speedup": 1.466275040066961,
   "ci": [
    1.3964756549755695,
    1.5192801905039983
   ],
   "accept_rate": 0.8069535024154589,
   "accept_len": 3.2278140096618357,
   "exact": 5,
   "n": 6
  },
  "5": {
   "speedup": 1.4646237928055197,
   "ci": [
    1.385770344820555,
    1.5340507984720937
   ],
   "accept_rate": 0.7944372294372295,
   "accept_len": 3.972186147186147,
   "exact": 5,
   "n": 6
  },
  "6": {
   "speedup": 1.4565156256016072,
   "ci": [
    1.355025624979058,
    1.5500572663087198
   ],
   "accept_rate": 0.7803688141923436,
   "accept_len": 4.682212885154061,
   "exact": 5,
   "n": 6
  }
 },
 "best_gamma": 3
}